Iteration,Technology,Type,Inter-Agent Agreement (%),Status
1,Role-Based Multi-Agent System (RB-MAS),Innovation,95.298,✓ Approved
1,Monolithic AI Architectures,Comparison,72.8,✗ Below Target
2,Role-Based Multi-Agent System (RB-MAS),Innovation,96.4545,✓ Approved
2,Monolithic AI Architectures,Comparison,70.03,✓ Acceptable
3,Role-Based Multi-Agent System (RB-MAS),Innovation,94.574,✓ Approved
3,Monolithic AI Architectures,Comparison,69.53,✗ Below Target
4,Role-Based Multi-Agent System (RB-MAS),Innovation,95.91,✓ Approved
4,Monolithic AI Architectures,Comparison,70.15,✓ Acceptable
5,Role-Based Multi-Agent System (RB-MAS),Innovation,95.6,✓ Approved
5,Monolithic AI Architectures,Comparison,69.39,✗ Below Target
6,Role-Based Multi-Agent System (RB-MAS),Innovation,96.34,✓ Approved
6,Monolithic AI Architectures,Comparison,72.12,✗ Below Target
7,Role-Based Multi-Agent System (RB-MAS),Innovation,94.23,✓ Approved
7,Monolithic AI Architectures,Comparison,70.09,✗ Below Target
8,Role-Based Multi-Agent System (RB-MAS),Innovation,95.15,✓ Approved
8,Monolithic AI Architectures,Comparison,71.34,✓ Acceptable
9,Role-Based Multi-Agent System (RB-MAS),Innovation,95.88,✓ Approved
9,Monolithic AI Architectures,Comparison,70.51,✓ Acceptable
10,Role-Based Multi-Agent System (RB-MAS),Innovation,96.68,✓ Approved
10,Monolithic AI Architectures,Comparison,70.08,✓ Acceptable
11,Role-Based Multi-Agent System (RB-MAS),Innovation,95.81,✓ Approved
11,Monolithic AI Architectures,Comparison,70.18,✗ Below Target
12,Role-Based Multi-Agent System (RB-MAS),Innovation,94.69,✓ Approved
12,Monolithic AI Architectures,Comparison,69.97,✗ Below Target
13,Role-Based Multi-Agent System (RB-MAS),Innovation,97.19,✓ Approved
13,Monolithic AI Architectures,Comparison,70.64,✓ Acceptable
14,Role-Based Multi-Agent System (RB-MAS),Innovation,95.44,✓ Approved
14,Monolithic AI Architectures,Comparison,69.95,✗ Below Target
15,Role-Based Multi-Agent System (RB-MAS),Innovation,94.37,✓ Approved
15,Monolithic AI Architectures,Comparison,71.08,✓ Acceptable
